{
  "feature": "minecraft:ore_diamond_small",
  "placement": [
    {
      "type": "minecraft:rarity_filter",
      "chance": 6
    },
    {
      "type": "minecraft:count",
      "count": {
        "type": "minecraft:uniform",
        "value": {
          "min_inclusive": 1,
          "max_inclusive": 2
        }
      }
    },
    {
      "type": "minecraft:in_square"
    },
    {
      "type": "minecraft:height_range",
      "height": {
        "type": "minecraft:trapezoid",
        "min_inclusive": {
          "above_bottom": -80
        },
        "max_inclusive": {
          "above_bottom": 80
        }
      }
    },
    {
      "type": "minecraft:biome"
    }
  ]
}