{
  "feature": "minecraft:ore_copper_large",
  "placement": [
    {
      "type": "minecraft:rarity_filter",
      "chance": 3
    },
    {
      "type": "minecraft:count",
      "count": 10
    },
    {
      "type": "minecraft:in_square"
    },
    {
      "type": "minecraft:height_range",
      "height": {
        "type": "minecraft:trapezoid",
        "min_inclusive": {
          "absolute": -16
        },
        "max_inclusive": {
          "absolute": 112
        }
      }
    },
    {
      "type": "minecraft:biome"
    }
  ]
}