{
  "feature": "minecraft:ore_gold",
  "placement": [
    {
      "type": "minecraft:rarity_filter",
      "chance": 4
    },
    {
      "type": "minecraft:count",
      "count": 36
    },
    {
      "type": "minecraft:in_square"
    },
    {
      "type": "minecraft:height_range",
      "height": {
        "type": "minecraft:uniform",
        "max_inclusive": {
          "absolute": 256
        },
        "min_inclusive": {
          "absolute": 32
        }
      }
    },
    {
      "type": "minecraft:biome"
    }
  ]
}