{
  "feature": "minecraft:ore_redstone",
  "placement": [
    {
      "type": "minecraft:rarity_filter",
      "chance": 4
    },
    {
      "type": "minecraft:count",
      "count": {
        "type": "minecraft:uniform",
        "value": {
          "min_inclusive": 3,
          "max_inclusive": 6
        }
      }
    },
    {
      "type": "minecraft:in_square"
    },
    {
      "type": "minecraft:height_range",
      "height": {
        "type": "minecraft:trapezoid",
        "min_inclusive": {
          "above_bottom": -32
        },
        "max_inclusive": {
          "above_bottom": 32
        }
      }
    },
    {
      "type": "minecraft:biome"
    }
  ]
}