{
  "feature": "minecraft:ore_coal_buried",
  "placement": [
    {
      "type": "minecraft:rarity_filter",
      "chance": 2
    },
    {
      "type": "minecraft:count",
      "count": 16
    },
    {
      "type": "minecraft:in_square"
    },
    {
      "type": "minecraft:height_range",
      "height": {
        "type": "minecraft:trapezoid",
        "min_inclusive": {
          "absolute": 0
        },
        "max_inclusive": {
          "absolute": 192
        }
      }
    },
    {
      "type": "minecraft:biome"
    }
  ]
}
